OBJECTID,dcat_Catalog_dct_title,dcat_Catalog_dct_description,dcat_Catalog_dct_publisher,dcat_Catalog_dcat_contact_Email,dcat_Catalog_foaf_homepage,dcat_Dataset,dcat_Dataset_dct_title,dcat_Dataset_dct_description,dcat_Dataset_dct_publisher,dcat_Dataset_dcat_theme,dcat_Dataset_dct_accrualPeriodic,dcat_Dataset_dcat_keyword,dcat_Distribution,dcat_Distribution_leg_TOU_AWType,dcat_Distribution_leg_TOU_AName,dcat_Distribution_leg_TOU_DPBSRT,dcat_Distribution_leg_TOU_PDCTyp,dcat_Distribution_dcat_downURL,dcat_Distribution_dcat_accessURL,dcat_Distribution_dct_format,dcat_Distribution_dcat_mediaType
1,„Lokálny katalóg otvorených údajov mesta Košice“@sk,„Otvorené dáta mesta Košice“@sk,„https://www.kosice.sk“,„opendatake@kosice.sk“,„https://opendata.kosice.sk“,https://opendata.kosice.sk/datasets/3d46429c163244a4aaac4a654e692167/about,„Administratívne hranice“@sk,„Dataset obsahuje hranice územno-správnych jednotiek a katastrálnych území Košíc v generalizovanej úrovni 1.“@sk,„https://www.kosice.sk“,REGI,ANNUAL,"„katastralne uzemie“@sk, „mestská časť“@sk, „okres“@sk, „mapa“@sk, ",https://kosice-mesto.maps.arcgis.com/home/item.html?id=3d46429c163244a4aaac4a654e692167&view=service,https://creativecommons.org/licenses/by/4.0/,„Geodetický a kartografický ústav Bratislava“,https://creativecommons.org/licenses/by/4.0/,0,https://opendata.kosice.sk/datasets/3d46429c163244a4aaac4a654e692167/explore,https://opendata.kosice.sk/datasets/3d46429c163244a4aaac4a654e692167/explore,csv,text/csv
2,„Lokálny katalóg otvorených údajov mesta Košice“@sk,„Otvorené dáta mesta Košice“@sk,„https://www.kosice.sk“,„opendatake@kosice.sk“,„https://opendata.kosice.sk“,https://opendata.kosice.sk/datasets/12aa132c31c447a2b3ded177ab5a271c/about,„Adresné body“@sk,„Dataset obsahuje adresné body v Košiciach.“@sk,„https://www.kosice.sk“,REGI,ANNUAL_2,"„adresa“@sk, „bod“@sk, „adresný bod“@sk, ",https://kosice-mesto.maps.arcgis.com/home/item.html?id=12aa132c31c447a2b3ded177ab5a271c&view=service,https://creativecommons.org/licenses/by/4.0/,„Ministerstvo vnútra Slovenskej republiky“,https://creativecommons.org/licenses/by/4.0/,0,https://opendata.kosice.sk/datasets/12aa132c31c447a2b3ded177ab5a271c/explore,https://opendata.kosice.sk/datasets/12aa132c31c447a2b3ded177ab5a271c/explore,csv,text/csv
3,„Lokálny katalóg otvorených údajov mesta Košice“@sk,„Otvorené dáta mesta Košice“@sk,„https://www.kosice.sk“,„opendatake@kosice.sk“,„https://opendata.kosice.sk“,https://opendata.kosice.sk/datasets/fd4ac31265014d09a7db1d4f1f1290fc/about,„Centrá voľného času a jazykové školy“@sk,"„Dataset obsahuje základné informácie o centre voľného času a jazykovej škole v Košiciach, ako presnú adresu, webové sídlo, telefónny kontakt a email na organizáciu.“@sk",„https://www.kosice.sk“,SOCI,IRREG,"„voľný čas“@sk, „jazyková škola“@sk, „centrum voľného času“@sk, ",https://kosice-mesto.maps.arcgis.com/home/item.html?id=fd4ac31265014d09a7db1d4f1f1290fc&view=service,https://creativecommons.org/licenses/by/4.0/,„Mesto Košice“,https://creativecommons.org/licenses/by/4.0/,0,https://opendata.kosice.sk/datasets/fd4ac31265014d09a7db1d4f1f1290fc/explore,https://opendata.kosice.sk/datasets/fd4ac31265014d09a7db1d4f1f1290fc/explore,csv,text/csv
4,„Lokálny katalóg otvorených údajov mesta Košice“@sk,„Otvorené dáta mesta Košice“@sk,„https://www.kosice.sk“,„opendatake@kosice.sk“,„https://opendata.kosice.sk“,https://opendata.kosice.sk/datasets/ba941d7bc56a462684a261d4f35ce17d/about,„Cestovný poriadok MHD“@sk,"„Cestovný poriadok mestskej hromadnej dopravy ako export dát z dopravného systému DPMK, a.s.“@sk",„https://www.kosice.sk“,TRAN,Metadáta nenájdené,"„dpmk“@sk, „cestovny poriadok“@sk, ",https://kosice-mesto.maps.arcgis.com/home/item.html?id=ba941d7bc56a462684a261d4f35ce17d&view=service,https://creativecommons.org/licenses/by/4.0/,"„Dopravný podnik mesta Košice, akciová spoločnosť“",https://creativecommons.org/licenses/by/4.0/,0,https://opendata.kosice.sk/datasets/ba941d7bc56a462684a261d4f35ce17d/explore,https://opendata.kosice.sk/datasets/ba941d7bc56a462684a261d4f35ce17d/explore,csv,text/csv
5,„Lokálny katalóg otvorených údajov mesta Košice“@sk,„Otvorené dáta mesta Košice“@sk,„https://www.kosice.sk“,„opendatake@kosice.sk“,„https://opendata.kosice.sk“,https://opendata.kosice.sk/datasets/22017a3f022d4c1db8ce1d2630e4016f/about,„Chránené stromy na území Košíc“@sk,„Dataset obsahuje zoznam chránených stromov na území Košíc.“@sk,„https://www.kosice.sk“,ENVI,IRREG,"„chránený strom“@sk, „ochrana prírody“@sk, ",https://kosice-mesto.maps.arcgis.com/home/item.html?id=22017a3f022d4c1db8ce1d2630e4016f&view=service,https://creativecommons.org/licenses/by/4.0/,„Štátna ochrana prírody Slovenskej republiky“,https://creativecommons.org/licenses/by/4.0/,0,https://opendata.kosice.sk/datasets/22017a3f022d4c1db8ce1d2630e4016f/explore,https://opendata.kosice.sk/datasets/22017a3f022d4c1db8ce1d2630e4016f/explore,csv,text/csv
6,„Lokálny katalóg otvorených údajov mesta Košice“@sk,„Otvorené dáta mesta Košice“@sk,„https://www.kosice.sk“,„opendatake@kosice.sk“,„https://opendata.kosice.sk“,https://opendata.kosice.sk/datasets/fd2d30bc0ffe4059886f5cf33d884e3a/about,„Chránené územia prírody v Košiciach“@sk,„Dataset obsahuje zoznam chránených území prírody na území mesta Košice.“@sk,„https://www.kosice.sk“,ENVI,IRREG,"„chránené územie“@sk, „chránený areál“@sk, „prírodná pamiatka“@sk, „prírodná rezervácia“@sk, „územie európskeho významu“@sk, „chránené vtáčie územie“@sk, ",https://kosice-mesto.maps.arcgis.com/home/item.html?id=fd2d30bc0ffe4059886f5cf33d884e3a&view=service,https://creativecommons.org/licenses/by/4.0/,„Štátna ochrana prírody Slovenskej republiky“,https://creativecommons.org/licenses/by/4.0/,0,https://opendata.kosice.sk/datasets/fd2d30bc0ffe4059886f5cf33d884e3a/explore,https://opendata.kosice.sk/datasets/fd2d30bc0ffe4059886f5cf33d884e3a/explore,csv,text/csv
7,„Lokálny katalóg otvorených údajov mesta Košice“@sk,„Otvorené dáta mesta Košice“@sk,„https://www.kosice.sk“,„opendatake@kosice.sk“,„https://opendata.kosice.sk“,https://opendata.kosice.sk/datasets/a4002a4cc1df47b6b166ed8e7aec4695/about,„Cyklistická mapa“@sk,„Dataset obsahuje dáta cyklistickej infraštruktúry na území mesta Košice.“@sk,„https://www.kosice.sk“,TRAN,IRREG,"„cyklo“@sk, ",https://kosice-mesto.maps.arcgis.com/home/item.html?id=a4002a4cc1df47b6b166ed8e7aec4695&view=service,https://creativecommons.org/licenses/by/4.0/,„Mesto Košice“,https://creativecommons.org/licenses/by/4.0/,0,https://opendata.kosice.sk/datasets/a4002a4cc1df47b6b166ed8e7aec4695/explore,https://opendata.kosice.sk/datasets/a4002a4cc1df47b6b166ed8e7aec4695/explore,csv,text/csv
8,„Lokálny katalóg otvorených údajov mesta Košice“@sk,„Otvorené dáta mesta Košice“@sk,„https://www.kosice.sk“,„opendatake@kosice.sk“,„https://opendata.kosice.sk“,https://opendata.kosice.sk/datasets/f3fae948601148c9a458e375a572c84c/about,„Dodávateľské faktúry mesta Košice“@sk,„Dataset obsahuje denne aktualizovaný zoznam dodávateľských faktúr.“@sk,„https://www.kosice.sk“,REGI,DAILY,"„faktúra“@sk, ",https://kosice-mesto.maps.arcgis.com/home/item.html?id=f3fae948601148c9a458e375a572c84c&view=service,https://creativecommons.org/licenses/by/4.0/,„Mesto Košice“,https://creativecommons.org/licenses/by/4.0/,0,https://opendata.kosice.sk/datasets/f3fae948601148c9a458e375a572c84c/explore,https://opendata.kosice.sk/datasets/f3fae948601148c9a458e375a572c84c/explore,csv,text/csv
9,„Lokálny katalóg otvorených údajov mesta Košice“@sk,„Otvorené dáta mesta Košice“@sk,„https://www.kosice.sk“,„opendatake@kosice.sk“,„https://opendata.kosice.sk“,https://opendata.kosice.sk/datasets/6165e208f43a43cc824c2fd585c3c599/about,„Hlasovanie poslancov mestského zastupiteľstva - volebné obdobie 2018 - 2022“@sk,„Dataset obsahuje dáta z hlasovacieho systému Mestského zastupiteľstva v Košiciach.“@sk,„https://www.kosice.sk“,REGI,IRREG,"„zastupitelstvo“@sk, „mestske zastupitelstvo“@sk, „poslanec“@sk, „hlasovanie“@sk, ",https://kosice-mesto.maps.arcgis.com/home/item.html?id=6165e208f43a43cc824c2fd585c3c599&view=service,https://creativecommons.org/licenses/by/4.0/,„Mesto Košice“,https://creativecommons.org/licenses/by/4.0/,0,https://opendata.kosice.sk/datasets/6165e208f43a43cc824c2fd585c3c599/explore,https://opendata.kosice.sk/datasets/6165e208f43a43cc824c2fd585c3c599/explore,csv,text/csv
10,„Lokálny katalóg otvorených údajov mesta Košice“@sk,„Otvorené dáta mesta Košice“@sk,„https://www.kosice.sk“,„opendatake@kosice.sk“,„https://opendata.kosice.sk“,https://opendata.kosice.sk/datasets/ba744610f1454534ae82a01041507c4f/about,„Kancelária prvého kontaktu - Magistrát mesta Košice“@sk,„Dataset obsahuje základné informácie o kancelárií prvého kontaktu na Magistráte mesta Košice.“@sk,„https://www.kosice.sk“,REGI,IRREG,"„kancelária prvého kontaktu“@sk, „otváracie hodiny“@sk, „KPK“@sk, ",https://kosice-mesto.maps.arcgis.com/home/item.html?id=ba744610f1454534ae82a01041507c4f&view=service,https://creativecommons.org/licenses/by/4.0/,„Mesto Košice“,https://creativecommons.org/licenses/by/4.0/,0,https://opendata.kosice.sk/datasets/ba744610f1454534ae82a01041507c4f/explore,https://opendata.kosice.sk/datasets/ba744610f1454534ae82a01041507c4f/explore,csv,text/csv
11,„Lokálny katalóg otvorených údajov mesta Košice“@sk,„Otvorené dáta mesta Košice“@sk,„https://www.kosice.sk“,„opendatake@kosice.sk“,„https://opendata.kosice.sk“,https://opendata.kosice.sk/datasets/13d091b46ddd4a31a5256a7697d8a977/about,„Kancelária prvého kontaktu - počet vybavených občanov“@sk,"„Dataset obsahuje počty občanov, ktorí boli vybavení v Kancelárii prvého kontaktu na Magistráte mesta Košice.“@sk",„https://www.kosice.sk“,REGI,IRREG,"„kancelária prvého kontaktu“@sk, „KPK“@sk, „občan“@sk, ",https://kosice-mesto.maps.arcgis.com/home/item.html?id=13d091b46ddd4a31a5256a7697d8a977&view=service,https://creativecommons.org/licenses/by/4.0/,„Mesto Košice“,https://creativecommons.org/licenses/by/4.0/,0,https://opendata.kosice.sk/datasets/13d091b46ddd4a31a5256a7697d8a977/explore,https://opendata.kosice.sk/datasets/13d091b46ddd4a31a5256a7697d8a977/explore,csv,text/csv
12,„Lokálny katalóg otvorených údajov mesta Košice“@sk,„Otvorené dáta mesta Košice“@sk,„https://www.kosice.sk“,„opendatake@kosice.sk“,„https://opendata.kosice.sk“,https://opendata.kosice.sk/datasets/e88d914c920b44d99255e28011f112d0/about,„Komisie Mestského zastupiteľstva v Košiciach“@sk,„Dataset obsahuje zoznam členov jednotlivých komisií Mestského zastupiteľstva v Košiciach.“@sk,„https://www.kosice.sk“,REGI,IRREG,"„komisie“@sk, „mestské zastupiteľstvo“@sk, „poslanci“@sk, „odborníci“@sk, ",https://kosice-mesto.maps.arcgis.com/home/item.html?id=e88d914c920b44d99255e28011f112d0&view=service,https://creativecommons.org/licenses/by/4.0/,„Mesto Košice“,https://creativecommons.org/licenses/by/4.0/,0,https://opendata.kosice.sk/datasets/e88d914c920b44d99255e28011f112d0/explore,https://opendata.kosice.sk/datasets/e88d914c920b44d99255e28011f112d0/explore,csv,text/csv
13,„Lokálny katalóg otvorených údajov mesta Košice“@sk,„Otvorené dáta mesta Košice“@sk,„https://www.kosice.sk“,„opendatake@kosice.sk“,„https://opendata.kosice.sk“,https://opendata.kosice.sk/datasets/c8fa2f1786ad46e08802ba0d0bab5ec0/about,„Komunálne voľby 2022 - volebné miestnosti v Košiciach“@sk,„Dataset obsahuje zoznam volebných miestnosti v Košiciach pre komunálne voľby 2022.“@sk,„https://www.kosice.sk“,REGI,IRREG,"„komunálne voľby“@sk, „volebný okrsok“@sk, „volebná miestnosť“@sk, ",https://kosice-mesto.maps.arcgis.com/home/item.html?id=c8fa2f1786ad46e08802ba0d0bab5ec0&view=service,https://creativecommons.org/licenses/by/4.0/,„Mesto Košice“,https://creativecommons.org/licenses/by/4.0/,0,https://opendata.kosice.sk/datasets/c8fa2f1786ad46e08802ba0d0bab5ec0/explore,https://opendata.kosice.sk/datasets/c8fa2f1786ad46e08802ba0d0bab5ec0/explore,csv,text/csv
14,„Lokálny katalóg otvorených údajov mesta Košice“@sk,„Otvorené dáta mesta Košice“@sk,„https://www.kosice.sk“,„opendatake@kosice.sk“,„https://opendata.kosice.sk“,https://opendata.kosice.sk/datasets/d37d246393b747e2be048fcec3c5c2c3/about,„Komunálne voľby 2022 - volebné obvody v Košiciach“@sk,„Dataset obsahuje zoznam volebných obvodov (rozdelenie mestských častí do volebných obvodov) pre komunálne voľby 2022.“@sk,„https://www.kosice.sk“,REGI,IRREG,"„komunálne voľby“@sk, „volebný okrsok“@sk, „mestská časť“@sk, „počet poslancov“@sk, ",https://kosice-mesto.maps.arcgis.com/home/item.html?id=d37d246393b747e2be048fcec3c5c2c3&view=service,https://creativecommons.org/licenses/by/4.0/,„Mesto Košice“,https://creativecommons.org/licenses/by/4.0/,0,https://opendata.kosice.sk/datasets/d37d246393b747e2be048fcec3c5c2c3/explore,https://opendata.kosice.sk/datasets/d37d246393b747e2be048fcec3c5c2c3/explore,csv,text/csv
15,„Lokálny katalóg otvorených údajov mesta Košice“@sk,„Otvorené dáta mesta Košice“@sk,„https://www.kosice.sk“,„opendatake@kosice.sk“,„https://opendata.kosice.sk“,https://opendata.kosice.sk/datasets/50fb18d046a14c79881b9a77c181e8b8/about,„Komunálne voľby 2022 - zoznam zaregistrovaných kandidátov do Mestského zastupiteľstva v Košiciach“@sk,„Dataset obsahuje zoznam zaregistrovaných kandidátov do Mestského zastupiteľstva v Košiciach.“@sk,„https://www.kosice.sk“,REGI,IRREG,"„komunálne voľby“@sk, „samospráva“@sk, „mestské zastupiteľstvo“@sk, „kandidát“@sk, „poslanec“@sk, ",https://kosice-mesto.maps.arcgis.com/home/item.html?id=50fb18d046a14c79881b9a77c181e8b8&view=service,https://creativecommons.org/licenses/by/4.0/,„Mesto Košice“,https://creativecommons.org/licenses/by/4.0/,0,https://opendata.kosice.sk/datasets/50fb18d046a14c79881b9a77c181e8b8/explore,https://opendata.kosice.sk/datasets/50fb18d046a14c79881b9a77c181e8b8/explore,csv,text/csv
16,„Lokálny katalóg otvorených údajov mesta Košice“@sk,„Otvorené dáta mesta Košice“@sk,„https://www.kosice.sk“,„opendatake@kosice.sk“,„https://opendata.kosice.sk“,https://opendata.kosice.sk/datasets/3fe6c42ba1f6453e971f295ff913b947/about,„Komunálne voľby 2022 - zoznam zaregistrovaných kandidátov na primátora mesta Košice“@sk,„Dataset obsahuje zoznam zaregistrovaných kandidátov na primátora mesta Košice.“@sk,„https://www.kosice.sk“,REGI,IRREG,"„primátor“@sk, „kandidát“@sk, „voľby“@sk, „samospráva“@sk, ",https://kosice-mesto.maps.arcgis.com/home/item.html?id=3fe6c42ba1f6453e971f295ff913b947&view=service,https://creativecommons.org/licenses/by/4.0/,„Mesto Košice“,https://creativecommons.org/licenses/by/4.0/,0,https://opendata.kosice.sk/datasets/3fe6c42ba1f6453e971f295ff913b947/explore,https://opendata.kosice.sk/datasets/3fe6c42ba1f6453e971f295ff913b947/explore,csv,text/csv
17,„Lokálny katalóg otvorených údajov mesta Košice“@sk,„Otvorené dáta mesta Košice“@sk,„https://www.kosice.sk“,„opendatake@kosice.sk“,„https://opendata.kosice.sk“,https://opendata.kosice.sk/datasets/6d44ef6d8ba64beba1dd8934c17a3b38/about,„Kultúra a voľný čas“@sk,"„Dataset obsahuje zoznam kultúrnych inštitúcií v meste Košice, okrem základných informácií aj telefonický kontakt na inštitúciu.“@sk",„https://www.kosice.sk“,EDUC,IRREG,"„kultúra“@sk, „voľný čas“@sk, „divadlo“@sk, „múzeum“@sk, „galéria“@sk, „folklórny súbor“@sk, ",https://kosice-mesto.maps.arcgis.com/home/item.html?id=6d44ef6d8ba64beba1dd8934c17a3b38&view=service,https://creativecommons.org/licenses/by/4.0/,„Mesto Košice“,https://creativecommons.org/licenses/by/4.0/,0,https://opendata.kosice.sk/datasets/6d44ef6d8ba64beba1dd8934c17a3b38/explore,https://opendata.kosice.sk/datasets/6d44ef6d8ba64beba1dd8934c17a3b38/explore,csv,text/csv
18,„Lokálny katalóg otvorených údajov mesta Košice“@sk,„Otvorené dáta mesta Košice“@sk,„https://www.kosice.sk“,„opendatake@kosice.sk“,„https://opendata.kosice.sk“,https://opendata.kosice.sk/datasets/fe706bd590aa49a6bb7abd0a96f4b17f/about,„Kvalita ovzdušia v meste Košice v rokoch 2010 - 2020“@sk,„Dataset obsahuje vybrané ukazovatele kvality ovzdušia.“@sk,„https://www.kosice.sk“,ENVI,ANNUAL,"„kvalita ovzdušia“@sk, „meracia stanica“@sk, ",https://kosice-mesto.maps.arcgis.com/home/item.html?id=fe706bd590aa49a6bb7abd0a96f4b17f&view=service,https://creativecommons.org/licenses/by/4.0/,„Slovenský hydrometeorologický ústav“,https://creativecommons.org/licenses/by/4.0/,0,https://opendata.kosice.sk/datasets/fe706bd590aa49a6bb7abd0a96f4b17f/explore,https://opendata.kosice.sk/datasets/fe706bd590aa49a6bb7abd0a96f4b17f/explore,csv,text/csv
19,„Lokálny katalóg otvorených údajov mesta Košice“@sk,„Otvorené dáta mesta Košice“@sk,„https://www.kosice.sk“,„opendatake@kosice.sk“,„https://opendata.kosice.sk“,https://opendata.kosice.sk/datasets/85b4440eaf1041f8b654fd4d72ee8032/about,„Licencie Creative Commons“@sk,„Dataset obsahuje zoznam licencií Creative Commons.“@sk,„https://www.kosice.sk“,REGI,IRREG,"„CC“@sk, „licencia“@sk, „href“@sk, „url“@sk, ",https://kosice-mesto.maps.arcgis.com/home/item.html?id=85b4440eaf1041f8b654fd4d72ee8032&view=service,https://creativecommons.org/licenses/by/4.0/,„Creative Commons“,https://creativecommons.org/licenses/by/4.0/,0,https://opendata.kosice.sk/datasets/85b4440eaf1041f8b654fd4d72ee8032/explore,https://opendata.kosice.sk/datasets/85b4440eaf1041f8b654fd4d72ee8032/explore,csv,text/csv
20,„Lokálny katalóg otvorených údajov mesta Košice“@sk,„Otvorené dáta mesta Košice“@sk,„https://www.kosice.sk“,„opendatake@kosice.sk“,„https://opendata.kosice.sk“,https://opendata.kosice.sk/datasets/da4daa2f3a994b27a018cf4e12fe4d9b/about,„Materské školy“@sk,„Dataset obsahuje zoznam materských škôl v Košiciach.“@sk,„https://www.kosice.sk“,SOCI,IRREG,"„materské školy“@sk, ",https://kosice-mesto.maps.arcgis.com/home/item.html?id=da4daa2f3a994b27a018cf4e12fe4d9b&view=service,https://creativecommons.org/licenses/by/4.0/,„Mesto Košice“,https://creativecommons.org/licenses/by/4.0/,0,https://opendata.kosice.sk/datasets/da4daa2f3a994b27a018cf4e12fe4d9b/explore,https://opendata.kosice.sk/datasets/da4daa2f3a994b27a018cf4e12fe4d9b/explore,csv,text/csv
21,„Lokálny katalóg otvorených údajov mesta Košice“@sk,„Otvorené dáta mesta Košice“@sk,„https://www.kosice.sk“,„opendatake@kosice.sk“,„https://opendata.kosice.sk“,https://opendata.kosice.sk/datasets/6323640be4234b479f760435a2654c78/about,„Mestská polícia Košice“@sk,„Dataset obsahuje všeobecné informácie o staniciach Mestskej polície Košice.“@sk,„https://www.kosice.sk“,SOCI,IRREG,"„mestská polícia“@sk, „stanica“@sk, „oblasť“@sk, ",https://kosice-mesto.maps.arcgis.com/home/item.html?id=6323640be4234b479f760435a2654c78&view=service,https://creativecommons.org/licenses/by/4.0/,„Mesto Košice“,https://creativecommons.org/licenses/by/4.0/,0,https://opendata.kosice.sk/datasets/6323640be4234b479f760435a2654c78/explore,https://opendata.kosice.sk/datasets/6323640be4234b479f760435a2654c78/explore,csv,text/csv
22,„Lokálny katalóg otvorených údajov mesta Košice“@sk,„Otvorené dáta mesta Košice“@sk,„https://www.kosice.sk“,„opendatake@kosice.sk“,„https://opendata.kosice.sk“,https://opendata.kosice.sk/datasets/e14621b3e8ff40ebbddf065abfd20442/about,„Mestská rada v Košiciach“@sk,„Dataset obsahuje zoznam členov Mestskej rady v Košiciach.“@sk,„https://www.kosice.sk“,REGI,IRREG,"„poslanec“@sk, „mestská rada“@sk, „primátor“@sk, ",https://kosice-mesto.maps.arcgis.com/home/item.html?id=e14621b3e8ff40ebbddf065abfd20442&view=service,https://creativecommons.org/licenses/by/4.0/,„Mesto Košice“,https://creativecommons.org/licenses/by/4.0/,0,https://opendata.kosice.sk/datasets/e14621b3e8ff40ebbddf065abfd20442/explore,https://opendata.kosice.sk/datasets/e14621b3e8ff40ebbddf065abfd20442/explore,csv,text/csv
23,„Lokálny katalóg otvorených údajov mesta Košice“@sk,„Otvorené dáta mesta Košice“@sk,„https://www.kosice.sk“,„opendatake@kosice.sk“,„https://opendata.kosice.sk“,https://opendata.kosice.sk/datasets/37cb4912369c422083fd206450de5a71/about,„Mestské časti“@sk,"„Dataset obsahuje základné informácie o mestskej časti ako webové sídlo mestskej časti, email na mestskú časť a telefónny kontakt.“@sk",„https://www.kosice.sk“,REGI,IRREG,"„mesto“@sk, „mestská časť“@sk, „mestské časti“@sk, ",https://kosice-mesto.maps.arcgis.com/home/item.html?id=37cb4912369c422083fd206450de5a71&view=service,https://creativecommons.org/licenses/by/4.0/,„None“,https://creativecommons.org/licenses/by/4.0/,0,https://opendata.kosice.sk/datasets/37cb4912369c422083fd206450de5a71/explore,https://opendata.kosice.sk/datasets/37cb4912369c422083fd206450de5a71/explore,csv,text/csv
24,„Lokálny katalóg otvorených údajov mesta Košice“@sk,„Otvorené dáta mesta Košice“@sk,„https://www.kosice.sk“,„opendatake@kosice.sk“,„https://opendata.kosice.sk“,https://opendata.kosice.sk/datasets/0514d9e4151b420a855f4837c7a282ef/about,„Mestské podniky“@sk,"„Dataset obsahuje okrem základných informácií o mestskom podniku (názov, právnu formu, IČO, adresu) aj informáciu o majetkovej účasti mesta Košice, webové sídlo, kontakt a podobne.“@sk",„https://www.kosice.sk“,REGI,IRREG,"„podniky“@sk, „mesto“@sk, ",https://kosice-mesto.maps.arcgis.com/home/item.html?id=0514d9e4151b420a855f4837c7a282ef&view=service,https://creativecommons.org/licenses/by/4.0/,„Mesto Košice“,https://creativecommons.org/licenses/by/4.0/,0,https://opendata.kosice.sk/datasets/0514d9e4151b420a855f4837c7a282ef/explore,https://opendata.kosice.sk/datasets/0514d9e4151b420a855f4837c7a282ef/explore,csv,text/csv
25,„Lokálny katalóg otvorených údajov mesta Košice“@sk,„Otvorené dáta mesta Košice“@sk,„https://www.kosice.sk“,„opendatake@kosice.sk“,„https://opendata.kosice.sk“,https://opendata.kosice.sk/datasets/06d4cb2866c54b43bb1997f7edf86f4d/about,„Objednávky mesta Košice“@sk,„Dataset obsahuje denne aktualizovaný zoznam objednávok.“@sk,„https://www.kosice.sk“,REGI,DAILY,"„objednávka“@sk, ",https://kosice-mesto.maps.arcgis.com/home/item.html?id=06d4cb2866c54b43bb1997f7edf86f4d&view=service,https://creativecommons.org/licenses/by/4.0/,„Mesto Košice“,https://creativecommons.org/licenses/by/4.0/,0,https://opendata.kosice.sk/datasets/06d4cb2866c54b43bb1997f7edf86f4d/explore,https://opendata.kosice.sk/datasets/06d4cb2866c54b43bb1997f7edf86f4d/explore,csv,text/csv
26,„Lokálny katalóg otvorených údajov mesta Košice“@sk,„Otvorené dáta mesta Košice“@sk,„https://www.kosice.sk“,„opendatake@kosice.sk“,„https://opendata.kosice.sk“,https://opendata.kosice.sk/datasets/9f56d6b2f1e743f4bd5d3eea6f45df7e/about,„Poslanci mestského zastupiteľstva - volebné obdobie 2010 - 2014“@sk,"„Dataset obsahuje menný zoznam poslancov za príslušné volebné obdobie, aj s informáciou o ich získanom akademickom titule a politickú príslušnosť.“@sk",„https://www.kosice.sk“,REGI,IRREG,"„poslanec“@sk, „volebne obdobie“@sk, „mestske zastupitelstvo“@sk, ",https://kosice-mesto.maps.arcgis.com/home/item.html?id=9f56d6b2f1e743f4bd5d3eea6f45df7e&view=service,https://creativecommons.org/licenses/by/4.0/,„Mesto Košice“,https://creativecommons.org/licenses/by/4.0/,0,https://opendata.kosice.sk/datasets/9f56d6b2f1e743f4bd5d3eea6f45df7e/explore,https://opendata.kosice.sk/datasets/9f56d6b2f1e743f4bd5d3eea6f45df7e/explore,csv,text/csv
27,„Lokálny katalóg otvorených údajov mesta Košice“@sk,„Otvorené dáta mesta Košice“@sk,„https://www.kosice.sk“,„opendatake@kosice.sk“,„https://opendata.kosice.sk“,https://opendata.kosice.sk/datasets/2a785f5c4dd14601a2ac284d56e83014/about,„Poslanci mestského zastupiteľstva - volebné obdobie 2014 - 2018“@sk,"„Dataset obsahuje menný zoznam poslancov za príslušné volebné obdobie, aj s informáciou o ich získanom akademickom titule a politickú príslušnosť.“@sk",„https://www.kosice.sk“,REGI,IRREG,"„poslanec“@sk, „volebne obdobie“@sk, „mestske zastupitelstvo“@sk, ",https://kosice-mesto.maps.arcgis.com/home/item.html?id=2a785f5c4dd14601a2ac284d56e83014&view=service,https://creativecommons.org/licenses/by/4.0/,„Mesto Košice“,https://creativecommons.org/licenses/by/4.0/,0,https://opendata.kosice.sk/datasets/2a785f5c4dd14601a2ac284d56e83014/explore,https://opendata.kosice.sk/datasets/2a785f5c4dd14601a2ac284d56e83014/explore,csv,text/csv
28,„Lokálny katalóg otvorených údajov mesta Košice“@sk,„Otvorené dáta mesta Košice“@sk,„https://www.kosice.sk“,„opendatake@kosice.sk“,„https://opendata.kosice.sk“,https://opendata.kosice.sk/datasets/9dcf05e343c6481599fe96d03183777a/about,„Poslanci mestského zastupiteľstva - volebné obdobie 2018 - 2022“@sk,"„Dataset obsahuje menný zoznam poslancov za príslušné volebné obdobie, aj s informáciou o ich získanom akademickom titule a politickú príslušnosť.“@sk",„https://www.kosice.sk“,REGI,IRREG,"„poslanec“@sk, „volebne obdobie“@sk, „mestske zastupitelstvo“@sk, ",https://kosice-mesto.maps.arcgis.com/home/item.html?id=9dcf05e343c6481599fe96d03183777a&view=service,https://creativecommons.org/licenses/by/4.0/,„Mesto Košice“,https://creativecommons.org/licenses/by/4.0/,0,https://opendata.kosice.sk/datasets/9dcf05e343c6481599fe96d03183777a/explore,https://opendata.kosice.sk/datasets/9dcf05e343c6481599fe96d03183777a/explore,csv,text/csv
29,„Lokálny katalóg otvorených údajov mesta Košice“@sk,„Otvorené dáta mesta Košice“@sk,„https://www.kosice.sk“,„opendatake@kosice.sk“,„https://opendata.kosice.sk“,https://opendata.kosice.sk/datasets/878fbcfcef7b4b408018c3ae91d4e854/about,„Pošty a BalíkoBoxy v Košiciach“@sk,"„Dataset obsahuje pobočky pôšt a balíkoboxy Slovenskej pošty, a.s. v Košiciach.“@sk",„https://www.kosice.sk“,SOCI,IRREG,"„pošta“@sk, „balíkobox“@sk, ",https://kosice-mesto.maps.arcgis.com/home/item.html?id=878fbcfcef7b4b408018c3ae91d4e854&view=service,https://creativecommons.org/licenses/by/4.0/,"„Slovenská pošta, a.s.“",https://creativecommons.org/licenses/by/4.0/,0,https://opendata.kosice.sk/datasets/878fbcfcef7b4b408018c3ae91d4e854/explore,https://opendata.kosice.sk/datasets/878fbcfcef7b4b408018c3ae91d4e854/explore,csv,text/csv
30,„Lokálny katalóg otvorených údajov mesta Košice“@sk,„Otvorené dáta mesta Košice“@sk,„https://www.kosice.sk“,„opendatake@kosice.sk“,„https://opendata.kosice.sk“,https://opendata.kosice.sk/datasets/4a4ea753ff1a4ea8949bb9c93c1e1034/about,„Prieskum - Návštevnosť Košíc 2020“@sk,"„Dataset obsahuje výsledky prieskumu „Návštevnosť Košíc 2020“, realizovaného v mesiacoch júl - august 2020 (31.7. - 30.8.2020), prostredníctvom partnerov organizácie Visit Košice.“@sk",„https://www.kosice.sk“,REGI,IRREG,"„prieskum“@sk, „návštevnosť“@sk, „turizmus“@sk, ",https://kosice-mesto.maps.arcgis.com/home/item.html?id=4a4ea753ff1a4ea8949bb9c93c1e1034&view=service,https://creativecommons.org/licenses/by/4.0/,„Visit Košice“,https://creativecommons.org/licenses/by/4.0/,0,https://opendata.kosice.sk/datasets/4a4ea753ff1a4ea8949bb9c93c1e1034/explore,https://opendata.kosice.sk/datasets/4a4ea753ff1a4ea8949bb9c93c1e1034/explore,csv,text/csv
31,„Lokálny katalóg otvorených údajov mesta Košice“@sk,„Otvorené dáta mesta Košice“@sk,„https://www.kosice.sk“,„opendatake@kosice.sk“,„https://opendata.kosice.sk“,https://opendata.kosice.sk/datasets/23ea6a21a1d648169722b37c21aa25f0/about,„Prieskum - Pandémia Košice 2021“@sk,"„Dataset obsahuje výsledky reprezentatívneho telefonického prieskumu „Pandémia Košice 2021“, realizovaného v mesiaci september 2021.“@sk",„https://www.kosice.sk“,REGI,IRREG,"„prieskum“@sk, „pandémia“@sk, „obyvateľstvo“@sk, ",https://kosice-mesto.maps.arcgis.com/home/item.html?id=23ea6a21a1d648169722b37c21aa25f0&view=service,https://creativecommons.org/licenses/by/4.0/,"„Creative Industry Košice, n.o.“",https://creativecommons.org/licenses/by/4.0/,0,https://opendata.kosice.sk/datasets/23ea6a21a1d648169722b37c21aa25f0/explore,https://opendata.kosice.sk/datasets/23ea6a21a1d648169722b37c21aa25f0/explore,csv,text/csv
32,„Lokálny katalóg otvorených údajov mesta Košice“@sk,„Otvorené dáta mesta Košice“@sk,„https://www.kosice.sk“,„opendatake@kosice.sk“,„https://opendata.kosice.sk“,https://opendata.kosice.sk/datasets/c4bd9bea786d4431a2001873db5dacff/about,„Prieskum - Turizmus Košice 2020“@sk,„Dataset obsahuje výsledky reprezentatívneho prieskumu „Návštevnosť Košíc 2020“ zameraného na analýzu Košíc ako turistickej destinácie.“@sk,„https://www.kosice.sk“,REGI,IRREG,"„prieskum“@sk, „turizmus“@sk, „obyvateľstvo“@sk, ",https://kosice-mesto.maps.arcgis.com/home/item.html?id=c4bd9bea786d4431a2001873db5dacff&view=service,https://creativecommons.org/licenses/by/4.0/,„Visit Košice“,https://creativecommons.org/licenses/by/4.0/,0,https://opendata.kosice.sk/datasets/c4bd9bea786d4431a2001873db5dacff/explore,https://opendata.kosice.sk/datasets/c4bd9bea786d4431a2001873db5dacff/explore,csv,text/csv
33,„Lokálny katalóg otvorených údajov mesta Košice“@sk,„Otvorené dáta mesta Košice“@sk,„https://www.kosice.sk“,„opendatake@kosice.sk“,„https://opendata.kosice.sk“,https://opendata.kosice.sk/datasets/d0869cf2b5784d91a1d4593ce2060ca4/about,„Prieskum - záujem o otvorené dáta“@sk,„Prieskum realizovaný na open data portáli mesta Košice.“@sk,„https://www.kosice.sk“,REGI,IRREG,"„prieskum“@sk, ",https://kosice-mesto.maps.arcgis.com/home/item.html?id=d0869cf2b5784d91a1d4593ce2060ca4&view=service,https://creativecommons.org/licenses/by/4.0/,„Mesto Košice“,https://creativecommons.org/licenses/by/4.0/,0,https://opendata.kosice.sk/datasets/d0869cf2b5784d91a1d4593ce2060ca4/explore,https://opendata.kosice.sk/datasets/d0869cf2b5784d91a1d4593ce2060ca4/explore,csv,text/csv
34,„Lokálny katalóg otvorených údajov mesta Košice“@sk,„Otvorené dáta mesta Košice“@sk,„https://www.kosice.sk“,„opendatake@kosice.sk“,„https://opendata.kosice.sk“,https://opendata.kosice.sk/datasets/90efeec604a74e9aa4574f3757c9ad59/about,„Prieskumy - otázky a odpovede“@sk,„Dataset všetkých otázok a možností odpovedí z prieskumov zverejnených na open data portáli mesta Košice.“@sk,„https://www.kosice.sk“,REGI,IRREG,"„prieskum“@sk, „otázky“@sk, „odpovede“@sk, ",https://kosice-mesto.maps.arcgis.com/home/item.html?id=90efeec604a74e9aa4574f3757c9ad59&view=service,https://creativecommons.org/licenses/by/4.0/,"„Creative Industry Košice,  n.o.“",https://creativecommons.org/licenses/by/4.0/,0,https://opendata.kosice.sk/datasets/90efeec604a74e9aa4574f3757c9ad59/explore,https://opendata.kosice.sk/datasets/90efeec604a74e9aa4574f3757c9ad59/explore,csv,text/csv
35,„Lokálny katalóg otvorených údajov mesta Košice“@sk,„Otvorené dáta mesta Košice“@sk,„https://www.kosice.sk“,„opendatake@kosice.sk“,„https://opendata.kosice.sk“,https://opendata.kosice.sk/datasets/bb74db8fe2de4cc3ac919b9c16cc6a70/about,„Priestupky na území mesta Košice“@sk,„Dataset obsahuje priestupky evidované MsP na území mesta Košice.“@sk,„https://www.kosice.sk“,SOCI,ANNUAL,"„mestská polícia“@sk, „priestupok“@sk, „stanica“@sk, „oblasť“@sk, „mapa“@sk, ",https://kosice-mesto.maps.arcgis.com/home/item.html?id=bb74db8fe2de4cc3ac919b9c16cc6a70&view=service,https://creativecommons.org/licenses/by/4.0/,„Mesto Košice“,https://creativecommons.org/licenses/by/4.0/,0,https://opendata.kosice.sk/datasets/bb74db8fe2de4cc3ac919b9c16cc6a70/explore,https://opendata.kosice.sk/datasets/bb74db8fe2de4cc3ac919b9c16cc6a70/explore,csv,text/csv
36,„Lokálny katalóg otvorených údajov mesta Košice“@sk,„Otvorené dáta mesta Košice“@sk,„https://www.kosice.sk“,„opendatake@kosice.sk“,„https://opendata.kosice.sk“,https://opendata.kosice.sk/datasets/975951e6113543768e960c96bbc75f3b/about,„Reklamné plochy na území mesta Košice“@sk,„Reklamné plochy“@sk,„https://www.kosice.sk“,ENVI,IRREG,"„reklama“@sk, „bilboard“@sk, „vizualny smog“@sk, ",https://kosice-mesto.maps.arcgis.com/home/item.html?id=975951e6113543768e960c96bbc75f3b&view=service,https://creativecommons.org/licenses/by/4.0/,„Mesto Košice“,https://creativecommons.org/licenses/by/4.0/,0,https://opendata.kosice.sk/datasets/975951e6113543768e960c96bbc75f3b/explore,https://opendata.kosice.sk/datasets/975951e6113543768e960c96bbc75f3b/explore,csv,text/csv
37,„Lokálny katalóg otvorených údajov mesta Košice“@sk,„Otvorené dáta mesta Košice“@sk,„https://www.kosice.sk“,„opendatake@kosice.sk“,„https://opendata.kosice.sk“,https://opendata.kosice.sk/datasets/9961c8a9cd8e461d8bee1414833746b9/about,„Sčítač MyBikeCounter Košice“@sk,„Dataset obsahuje údaje zo sčítača cyklistov a chodcov MyBikeCounter.“@sk,„https://www.kosice.sk“,EDUC,DAILY,"„cyklista“@sk, „chodec“@sk, „sčítač“@sk, „komenského“@sk, „letná“@sk, ",https://kosice-mesto.maps.arcgis.com/home/item.html?id=9961c8a9cd8e461d8bee1414833746b9&view=service,https://creativecommons.org/licenses/by/4.0/,„MyBikeCounter“,https://creativecommons.org/licenses/by/4.0/,0,https://opendata.kosice.sk/datasets/9961c8a9cd8e461d8bee1414833746b9/explore,https://opendata.kosice.sk/datasets/9961c8a9cd8e461d8bee1414833746b9/explore,csv,text/csv
38,„Lokálny katalóg otvorených údajov mesta Košice“@sk,„Otvorené dáta mesta Košice“@sk,„https://www.kosice.sk“,„opendatake@kosice.sk“,„https://opendata.kosice.sk“,https://opendata.kosice.sk/datasets/25267dab3e8a46d6b1fc24d365a28b95/about,„Školské obvody“@sk,"„Dataset obsahu informáciu o príslušnom školskom obvode, IČO školy, názov ulice a mestskú časť.“@sk",„https://www.kosice.sk“,SOCI,IRREG,"„škola“@sk, „obvod“@sk, ",https://kosice-mesto.maps.arcgis.com/home/item.html?id=25267dab3e8a46d6b1fc24d365a28b95&view=service,https://creativecommons.org/licenses/by/4.0/,„Mesto Košice“,https://creativecommons.org/licenses/by/4.0/,0,https://opendata.kosice.sk/datasets/25267dab3e8a46d6b1fc24d365a28b95/explore,https://opendata.kosice.sk/datasets/25267dab3e8a46d6b1fc24d365a28b95/explore,csv,text/csv
39,„Lokálny katalóg otvorených údajov mesta Košice“@sk,„Otvorené dáta mesta Košice“@sk,„https://www.kosice.sk“,„opendatake@kosice.sk“,„https://opendata.kosice.sk“,https://opendata.kosice.sk/datasets/52248c5a80b5437bbcbea3d955c77e78/about,„Spádové oblasti materských škôl“@sk,„Dataset obsahuje zoznam spádových materských škôl v zriaďovateľskej pôsobnosti Mesta Košice.“@sk,„https://www.kosice.sk“,SOCI,IRREG,"„materské školy“@sk, „spádová oblasť“@sk, ",https://kosice-mesto.maps.arcgis.com/home/item.html?id=52248c5a80b5437bbcbea3d955c77e78&view=service,https://creativecommons.org/licenses/by/4.0/,„Mesto Košice“,https://creativecommons.org/licenses/by/4.0/,0,https://opendata.kosice.sk/datasets/52248c5a80b5437bbcbea3d955c77e78/explore,https://opendata.kosice.sk/datasets/52248c5a80b5437bbcbea3d955c77e78/explore,csv,text/csv
40,„Lokálny katalóg otvorených údajov mesta Košice“@sk,„Otvorené dáta mesta Košice“@sk,„https://www.kosice.sk“,„opendatake@kosice.sk“,„https://opendata.kosice.sk“,https://opendata.kosice.sk/datasets/73405066f5ac4461b8527936cc0af108/about,„Stredné školy“@sk,"„Dataset obsahuje základné informácie o strednej škole, ako presnú adresu, webové sídlo, telefónny kontakt a email na organizáciu.“@sk",„https://www.kosice.sk“,SOCI,IRREG,"„gymnázium“@sk, „stredná odborná škola“@sk, „konzervatórium“@sk, „stredná priemyselná škola“@sk, „obchodná akadémia“@sk, „hotelová akadémia“@sk, „stredná zdravotnícka škola“@sk, ",https://kosice-mesto.maps.arcgis.com/home/item.html?id=73405066f5ac4461b8527936cc0af108&view=service,https://creativecommons.org/licenses/by/4.0/,„Košický samosprávny kraj“,https://creativecommons.org/licenses/by/4.0/,0,https://opendata.kosice.sk/datasets/73405066f5ac4461b8527936cc0af108/explore,https://opendata.kosice.sk/datasets/73405066f5ac4461b8527936cc0af108/explore,csv,text/csv
41,„Lokálny katalóg otvorených údajov mesta Košice“@sk,„Otvorené dáta mesta Košice“@sk,„https://www.kosice.sk“,„opendatake@kosice.sk“,„https://opendata.kosice.sk“,https://opendata.kosice.sk/datasets/c7fdd02f76f047bca41fd74591866491/about,„Výbehy pre psov v Košiciach“@sk,„Dataset obsahuje zoznam výbehov a venčovísk pre psov v meste Košice.“@sk,„https://www.kosice.sk“,SOCI,Metadáta nenájdené,"„pes“@sk, „výbeh“@sk, „venčovisko“@sk, ",https://kosice-mesto.maps.arcgis.com/home/item.html?id=c7fdd02f76f047bca41fd74591866491&view=service,https://creativecommons.org/licenses/by/4.0/,"„Mesto Košice, Mestské časti v meste Košice“",https://creativecommons.org/licenses/by/4.0/,0,https://opendata.kosice.sk/datasets/c7fdd02f76f047bca41fd74591866491/explore,https://opendata.kosice.sk/datasets/c7fdd02f76f047bca41fd74591866491/explore,csv,text/csv
42,„Lokálny katalóg otvorených údajov mesta Košice“@sk,„Otvorené dáta mesta Košice“@sk,„https://www.kosice.sk“,„opendatake@kosice.sk“,„https://opendata.kosice.sk“,https://opendata.kosice.sk/datasets/73436738b703420f8f49878e30da4cf4/about,„Výmery typov pozemkov“@sk,"„Dataset obsahuje informácie o type pozemku na území Košíc (napr. vinica, záhrada, zastavaná plocha a iné). Údaje o výmere plochy sú uvedené v hektároch.“@sk",„https://www.kosice.sk“,ENVI,ANNUAL,"„životné prostredie“@sk, „typ pozemku“@sk, „mestská zeleň“@sk, ",https://kosice-mesto.maps.arcgis.com/home/item.html?id=73436738b703420f8f49878e30da4cf4&view=service,https://creativecommons.org/licenses/by/4.0/,"„Úrad geodézie, kartografie a katastra SR“",https://creativecommons.org/licenses/by/4.0/,0,https://opendata.kosice.sk/datasets/73436738b703420f8f49878e30da4cf4/explore,https://opendata.kosice.sk/datasets/73436738b703420f8f49878e30da4cf4/explore,csv,text/csv
43,„Lokálny katalóg otvorených údajov mesta Košice“@sk,„Otvorené dáta mesta Košice“@sk,„https://www.kosice.sk“,„opendatake@kosice.sk“,„https://opendata.kosice.sk“,https://opendata.kosice.sk/datasets/82428f060be24647b567e19e3b625cc8/about,„Základné školy“@sk,"„Dataset obsahuje základné informácie o základnej škole, ako presnú adresu, webové sídlo, telefónny kontakt, email na organizáciu, a gps súradnice.“@sk",„https://www.kosice.sk“,SOCI,IRREG,"„zakladna skola“@sk, ",https://kosice-mesto.maps.arcgis.com/home/item.html?id=82428f060be24647b567e19e3b625cc8&view=service,https://creativecommons.org/licenses/by/4.0/,„Mesto Košice“,https://creativecommons.org/licenses/by/4.0/,0,https://opendata.kosice.sk/datasets/82428f060be24647b567e19e3b625cc8/explore,https://opendata.kosice.sk/datasets/82428f060be24647b567e19e3b625cc8/explore,csv,text/csv
44,„Lokálny katalóg otvorených údajov mesta Košice“@sk,„Otvorené dáta mesta Košice“@sk,„https://www.kosice.sk“,„opendatake@kosice.sk“,„https://opendata.kosice.sk“,https://opendata.kosice.sk/datasets/410bb71ab5a845b5b125892298885a62/about,„Základné umelecké školy“@sk,"„Dataset obsahuje základné informácie o názve školy, IČO, DIČ, presnú adresu a webové sídlo školy.“@sk",„https://www.kosice.sk“,SOCI,IRREG,"„škola“@sk, „umenie“@sk, ",https://kosice-mesto.maps.arcgis.com/home/item.html?id=410bb71ab5a845b5b125892298885a62&view=service,https://creativecommons.org/licenses/by/4.0/,„Mesto Košice“,https://creativecommons.org/licenses/by/4.0/,0,https://opendata.kosice.sk/datasets/410bb71ab5a845b5b125892298885a62/explore,https://opendata.kosice.sk/datasets/410bb71ab5a845b5b125892298885a62/explore,csv,text/csv
45,„Lokálny katalóg otvorených údajov mesta Košice“@sk,„Otvorené dáta mesta Košice“@sk,„https://www.kosice.sk“,„opendatake@kosice.sk“,„https://opendata.kosice.sk“,https://opendata.kosice.sk/datasets/027eaebb18144e8c9eecbf04a8ff4093/about,„Zastávky MHD“@sk,„Dataset obsahuje zoznam zastávok mestskej hromadnej dopravy v Košiciach.“@sk,„https://www.kosice.sk“,TRAN,IRREG,"„mhd“@sk, „zastávka“@sk, „dpmk“@sk, ",https://kosice-mesto.maps.arcgis.com/home/item.html?id=027eaebb18144e8c9eecbf04a8ff4093&view=service,https://creativecommons.org/licenses/by/4.0/,"„Dopravný podnik mesta Košice, a.s.“",https://creativecommons.org/licenses/by/4.0/,0,https://opendata.kosice.sk/datasets/027eaebb18144e8c9eecbf04a8ff4093/explore,https://opendata.kosice.sk/datasets/027eaebb18144e8c9eecbf04a8ff4093/explore,csv,text/csv
46,„Lokálny katalóg otvorených údajov mesta Košice“@sk,„Otvorené dáta mesta Košice“@sk,„https://www.kosice.sk“,„opendatake@kosice.sk“,„https://opendata.kosice.sk“,https://opendata.kosice.sk/datasets/faa76ada96724d54a060e9fa3f254ece/about,„Zberné dvory Košice“@sk,„Dataset obsahuje zoznam zberných dvorov v Košiciach.“@sk,„https://www.kosice.sk“,ENVI,IRREG,"„zberný dvor“@sk, „kosit“@sk, „odpad“@sk, ",https://kosice-mesto.maps.arcgis.com/home/item.html?id=faa76ada96724d54a060e9fa3f254ece&view=service,https://creativecommons.org/licenses/by/4.0/,„KOSIT a.s.“,https://creativecommons.org/licenses/by/4.0/,0,https://opendata.kosice.sk/datasets/faa76ada96724d54a060e9fa3f254ece/explore,https://opendata.kosice.sk/datasets/faa76ada96724d54a060e9fa3f254ece/explore,csv,text/csv
47,„Lokálny katalóg otvorených údajov mesta Košice“@sk,„Otvorené dáta mesta Košice“@sk,„https://www.kosice.sk“,„opendatake@kosice.sk“,„https://opendata.kosice.sk“,https://opendata.kosice.sk/datasets/6b66219049674794b462b90512081220/about,„Zmluvy mesta Košice“@sk,„Dataset obsahuje denne aktualizovaný zoznam zmlúv.“@sk,„https://www.kosice.sk“,REGI,DAILY,"„zmluva“@sk, ",https://kosice-mesto.maps.arcgis.com/home/item.html?id=6b66219049674794b462b90512081220&view=service,https://creativecommons.org/licenses/by/4.0/,„Mesto Košice“,https://creativecommons.org/licenses/by/4.0/,0,https://opendata.kosice.sk/datasets/6b66219049674794b462b90512081220/explore,https://opendata.kosice.sk/datasets/6b66219049674794b462b90512081220/explore,csv,text/csv
48,„Lokálny katalóg otvorených údajov mesta Košice“@sk,„Otvorené dáta mesta Košice“@sk,„https://www.kosice.sk“,„opendatake@kosice.sk“,„https://opendata.kosice.sk“,https://opendata.kosice.sk/datasets/cf615272b9124fb69b35be94879f70b8/about,„Zoznam katastrálnych území v Košiciach“@sk,"„Dataset obsahuje zoznam katastrálnych území a ich geografickú príslušnosť k mestskej časti, okresu a kraju.“@sk",„https://www.kosice.sk“,REGI,IRREG,"„kataster“@sk, „katastralne uzemie“@sk, ",https://kosice-mesto.maps.arcgis.com/home/item.html?id=cf615272b9124fb69b35be94879f70b8&view=service,https://creativecommons.org/licenses/by/4.0/,„Mesto Košice“,https://creativecommons.org/licenses/by/4.0/,0,https://opendata.kosice.sk/datasets/cf615272b9124fb69b35be94879f70b8/explore,https://opendata.kosice.sk/datasets/cf615272b9124fb69b35be94879f70b8/explore,csv,text/csv
49,„Lokálny katalóg otvorených údajov mesta Košice“@sk,„Otvorené dáta mesta Košice“@sk,„https://www.kosice.sk“,„opendatake@kosice.sk“,„https://opendata.kosice.sk“,https://opendata.kosice.sk/datasets/677fd61907d9455da0aca7fd25858696/about,„Zoznam ulíc v Košiciach“@sk,"„Dataset obsahuje zoznam ulíc v meste Košice, aj s historickými názvami ulíc.“@sk",„https://www.kosice.sk“,TRAN,IRREG,"„ulica“@sk, „psč“@sk, „mestská časť“@sk, ",https://kosice-mesto.maps.arcgis.com/home/item.html?id=677fd61907d9455da0aca7fd25858696&view=service,https://creativecommons.org/licenses/by/4.0/,„Mesto Košice“,https://creativecommons.org/licenses/by/4.0/,0,https://opendata.kosice.sk/datasets/677fd61907d9455da0aca7fd25858696/explore,https://opendata.kosice.sk/datasets/677fd61907d9455da0aca7fd25858696/explore,csv,text/csv
